k_value,n_nodes,density,percentage
1,200,0.008391959798994975,100.0
2,35,0.09243697478991597,17.5
3,7,0.5238095238095238,3.5000000000000004
