node,composite_score
88,222.9997587302804
677,65.81215796153457
64911,59.87818007528329
1988,56.776783984692415
14454,52.14647068964637
3998,37.24918279907844
28951,30.18742653942066
349,30.1581324556875
5226,29.81868315604686
2342,29.35499807776627
